{
    "VCMR": {
        "0.1-r1": 3.4,
        "0.1-r10": 16.54,
        "0.1-r100": 50.98,
        "0.3-r1": 2.27,
        "0.3-r10": 11.86,
        "0.3-r100": 38.98,
        "0.5-r1": 1.06,
        "0.5-r10": 6.25,
        "0.5-r100": 21.77,
        "0.7-r1": 0.46,
        "0.7-r10": 2.88,
        "0.7-r100": 10.05
    },
    "vcmr_sum_score": 166.5,
    "prvr_intigrated_score": [
        6.132165301847267,
        20.567510950295183,
        31.708246048371738,
        74.8746270551641,
        24.0,
        191.34329968894815,
        0.14328024275624782
    ],
    "prvr_sum_score": 133.28254935567827
}