{
    "VCMR": {
        "0.1-r1": 3.07,
        "0.1-r10": 16.04,
        "0.1-r100": 49.82,
        "0.3-r1": 1.88,
        "0.3-r10": 11.39,
        "0.3-r100": 38.18,
        "0.5-r1": 0.86,
        "0.5-r10": 6.01,
        "0.5-r100": 21.29,
        "0.7-r1": 0.36,
        "0.7-r10": 2.86,
        "0.7-r100": 9.57
    },
    "vcmr_sum_score": 161.33,
    "prvr_intigrated_score": [
        5.998857360502761,
        20.256459087158003,
        31.866945978543768,
        74.64609915571637,
        24.0,
        199.10632895321527,
        0.14204563405407306
    ],
    "prvr_sum_score": 132.76836158192089
}