{
    "VCMR": {
        "0.1-r1": 1.45,
        "0.1-r10": 9.41,
        "0.1-r100": 34.73,
        "0.3-r1": 1.37,
        "0.3-r10": 8.6,
        "0.3-r100": 31.59,
        "0.5-r1": 1.24,
        "0.5-r10": 7.23,
        "0.5-r100": 25.73,
        "0.7-r1": 0.62,
        "0.7-r10": 4.33,
        "0.7-r100": 14.49
    },
    "vcmr_sum_score": 140.79,
    "prvr_intigrated_score": [
        2.3118279569892475,
        7.526881720430108,
        12.661290322580646,
        49.274193548387096,
        104.0,
        218.09166666666667,
        0.06041498626510903
    ],
    "prvr_sum_score": 71.7741935483871
}