{
    "VCMR": {
        "0.1-r1": 1.8,
        "0.1-r10": 8.52,
        "0.1-r100": 33.76,
        "0.3-r1": 1.59,
        "0.3-r10": 7.82,
        "0.3-r100": 30.65,
        "0.5-r1": 1.29,
        "0.5-r10": 6.24,
        "0.5-r100": 24.33,
        "0.7-r1": 0.86,
        "0.7-r10": 3.55,
        "0.7-r100": 13.58
    },
    "vcmr_sum_score": 133.99,
    "prvr_intigrated_score": [
        1.9623655913978495,
        7.526881720430108,
        12.338709677419354,
        48.60215053763441,
        106.5,
        226.96317204301076,
        0.05775104203503901
    ],
    "prvr_sum_score": 70.43010752688173
}